0,Neptune Analysis Data Report,,,,,,,,,,,
1,Filename: C:\Neptune\User\Neptune\Data\Boron\2022-02-15 Boron IC-F FF AAJ_5RMs_Seq2_20220215-221507\329_U.dat,,,,,,,,,,,
2,Date: 16/02/2022,,,,,,,,,,,
3,Sample ID: ,,,,,,,,,,,
4,Method Name: C:\Neptune\User\Neptune\Methods\B method F F_AAJ.met,,,,,,,,,,,
5,Wheel ID: ,,,,,,,,,,,
6,Run number: 329,,,,,,,,,,,
7,View Mode: RUN_VIEW,,,,,,,,,,,
8,Evaluation Mode: Static,,,,,,,,,,,
9,Analysis date: 16/02/2022,,,,,,,,,,,
10,Analysis time: 05:53:05,,,,,,,,,,,
11,Operator: ,,,,,,,,,,,
12,Instrument: ,,,,,,,,,,,
13,Comment: ,,,,,,,,,,,
14,SampleType: SMP,,,,,,,,,,,
15,Blank 1: ,,,,,,,,,,,
16,Blank 2: ,,,,,,,,,,,
17,Standard 1: ,,,,,,,,,,,
18,Standard 2: ,,,,,,,,,,,
19,Data Version: 3.3.0.3 ,,,,,,,,,,,
20,Export Version: 3.3.0.3 ,,,,,,,,,,,
21,,,,,,,,,,,,
22,Cycle,Time,9.9,10B,10.2,10.436,10.9,11B,11B/10B (1),10B/9.9 (2),10B/10.1 (3),
23,1,05:53:34:676,2.3893216832959868e-004,3.7252530221928835e-004,1.9104088614612112e-004,2.0516851323716347e-004,1.9695690809800484e-004,7.3599930034934813e-004,1.9757028474702090e+000,0.0000000000000000e+000,0.0000000000000000e+000,
24,2,05:53:34:942,2.4183138563646080e-004,4.2724913027184625e-004,2.6705972359568700e-004,1.7804700452130271e-004,1.4057457127221329e-004,9.0371840232229296e-004,2.1152024387908832e+000,0.0000000000000000e+000,0.0000000000000000e+000,
25,3,05:53:35:207,2.7039874123063794e-004,4.1898390880924850e-004,2.4581235603110730e-004,1.9135842324154281e-004,2.8493941070312521e-004,9.1934217912530212e-004,2.1942183453729069e+000,0.0000000000000000e+000,0.0000000000000000e+000,
26,4,05:53:35:475,3.0234623533345573e-004,4.4452163264330311e-004,2.1233730115219798e-004,1.0591028233638983e-004,3.7049602257427303e-005,9.3059848708653347e-004,2.0934830135325999e+000,0.0000000000000000e+000,0.0000000000000000e+000,
27,5,05:53:35:740,3.0763559979011959e-004,4.6727283344260412e-004,2.4471787173502930e-004,6.6774592498455648e-005,1.0421426917835224e-004,9.0015071319133743e-004,1.9263921391695980e+000,0.0000000000000000e+000,0.0000000000000000e+000,
28,6,05:53:36:006,2.6690454119088821e-004,4.2674511145371011e-004,2.6115650442327248e-004,1.6882095174514873e-004,9.2772757109913566e-005,9.3338466793593691e-004,2.1872181845419525e+000,0.0000000000000000e+000,0.0000000000000000e+000,
29,7,05:53:36:273,2.4301415670053111e-004,4.0246038960975856e-004,2.1737691631888297e-004,1.5869452445452513e-004,1.4206052721265036e-004,9.5021857208262570e-004,2.3610238339330611e+000,0.0000000000000000e+000,0.0000000000000000e+000,
30,8,05:53:36:539,2.8207464451365821e-004,4.3292058375445563e-004,2.0696759832533596e-004,-8.2654563995559902e-005,3.0158319201907503e-004,9.3979485168383281e-004,2.1708250587984672e+000,0.0000000000000000e+000,0.0000000000000000e+000,
31,9,05:53:36:805,3.2834146035681658e-004,4.2818229213841506e-004,2.4562270632717766e-004,1.0545648739548681e-004,1.0848979881167368e-004,8.9398660930802476e-004,2.0878645047260220e+000,0.0000000000000000e+000,0.0000000000000000e+000,
32,10,05:53:37:071,2.7827892846029006e-004,4.3083113125572570e-004,2.3039492928609635e-004,1.1518985378151440e-004,-1.6610072003130341e-005,9.0732873483474427e-004,2.1059962222093622e+000,0.0000000000000000e+000,0.0000000000000000e+000,
33,11,05:53:37:337,2.6336749573565562e-004,4.6645838056425215e-004,2.4145664949006641e-004,7.2736835605426432e-007,-1.0017686551003221e-004,9.6195435444840227e-004,2.0622511986702277e+000,0.0000000000000000e+000,0.0000000000000000e+000,
34,12,05:53:37:602,2.1793013020679201e-004,4.2807690233668074e-004,2.5924686257252331e-004,1.9105150963261525e-005,1.6674996291919441e-004,9.0861764296579922e-004,2.1225570405832714e+000,0.0000000000000000e+000,0.0000000000000000e+000,
35,13,05:53:37:868,3.1294484552772537e-004,3.9213949977829433e-004,2.6320804393775737e-004,3.1049599755507763e-005,2.2485832574246385e-004,9.1514518534195643e-004,2.3337235495515145e+000,0.0000000000000000e+000,0.0000000000000000e+000,
36,14,05:53:38:134,3.6326521300137249e-004,4.3880439151202180e-004,2.4198114015751174e-004,1.0613477087558756e-004,2.1953252649658413e-004,9.2620171849660204e-004,2.1107394010007923e+000,3.6015081994190245e+004,3.6015081994190245e+004,
37,15,05:53:38:401,3.4961467989055400e-004,4.7076994884262953e-004,2.1882156234783964e-004,1.9548227209410859e-005,1.5780829092584112e-004,9.9402365135243002e-004,2.1114849276089105e+000,6.3640870703589171e+003,6.3640870703589171e+003,
38,16,05:53:38:667,2.9489520961538352e-004,4.3311035005925719e-004,2.6603275619245927e-004,7.5888197742408970e-005,1.7184266198373740e-004,9.8298622622778882e-004,2.2695976350906850e+000,8.7352020362679159e+003,8.7352020362679159e+003,
39,17,05:53:38:934,2.3089159736472328e-004,3.9789416939570074e-004,2.5214333533603620e-004,2.3868985612875246e-004,1.9494330827400457e-004,8.8580837316496331e-004,2.2262411497767842e+000,3.2596089392626967e+004,3.2596089392626967e+004,
40,18,05:53:39:200,2.2212815068456130e-004,4.4210689908889177e-004,2.1740341818400613e-004,1.3629113358898005e-004,1.0453118707995138e-004,9.3754248953523405e-004,2.1206239745802473e+000,3.5775539026825236e+003,3.5775539026825236e+003,
41,19,05:53:39:466,2.9079316548287124e-004,4.7291879262302322e-004,2.4446351919893910e-004,1.7186098170725262e-004,8.4908463099664337e-005,9.1554173768078578e-004,1.9359385838798537e+000,-1.9371110614965695e+004,-1.9371110614965695e+004,
42,20,05:53:39:732,3.1504597361130677e-004,4.4397541436118771e-004,2.4996082725801304e-004,4.3041571689910523e-005,8.4705252304886981e-005,9.7893340450455374e-004,2.2049270586595164e+000,0.0000000000000000e+000,0.0000000000000000e+000,
43,21,05:53:39:998,2.9277543166199657e-004,4.2302365474762945e-004,2.8034132570656212e-004,4.4101166391228605e-005,9.3344773638560284e-005,9.1455670684883886e-004,2.1619516936811767e+000,0.0000000000000000e+000,0.0000000000000000e+000,
44,22,05:53:40:263,2.6976585636223204e-004,4.4668731533955636e-004,2.6288208075872299e-004,-5.3514222255126415e-005,2.7000553894445593e-004,9.2025608727339331e-004,2.0601795835054020e+000,0.0000000000000000e+000,0.0000000000000000e+000,
45,23,05:53:40:529,2.8151100206327806e-004,4.4635388725816638e-004,2.2539408346121818e-004,1.1580244301410450e-004,9.3642052459631998e-005,9.4351017911228300e-004,2.1138164269342785e+000,0.0000000000000000e+000,0.0000000000000000e+000,
46,24,05:53:40:796,2.7786219236788023e-004,4.3659894184753996e-004,2.2311080366455791e-004,-5.1396437875297586e-005,1.4910826891458408e-004,9.5110753073309351e-004,2.1784467152126528e+000,3.5766842622505959e+004,3.5766842622505959e+004,
47,25,05:53:41:062,3.0782714504010508e-004,4.3206389841161284e-004,2.1809465726063657e-004,1.7704997721733142e-004,5.8282715985582741e-005,9.9042969101174059e-004,2.2923222575476356e+000,6.9925712857509698e+003,6.9925712857509698e+003,
48,26,05:53:41:328,2.9263118783844365e-004,4.7118667947058181e-004,2.6410507167393674e-004,1.7178959303049851e-004,2.2891679947814001e-004,8.9092680479017732e-004,1.8908149224235480e+000,-3.8672875054462929e+004,-3.8672875054462929e+004,
49,27,05:53:41:595,2.5741582930868448e-004,4.8384125963139537e-004,2.6239223698987701e-004,1.6685350800898415e-004,2.9204708241043349e-004,8.7190520217341470e-004,1.8020480577403795e+000,0.0000000000000000e+000,0.0000000000000000e+000,
50,28,05:53:41:861,2.7675630152586950e-004,4.3778216033016213e-004,2.7188318723370331e-004,1.0693324249689089e-005,1.1711382427457178e-004,9.6320455562108587e-004,2.2001914260157744e+000,0.0000000000000000e+000,0.0000000000000000e+000,
51,29,05:53:42:127,3.2363412513680023e-004,4.8079420000858548e-004,2.6309112103964398e-004,1.3824806381910914e-004,1.9262801380548224e-005,9.8370655282566740e-004,2.0460033686098988e+000,0.0000000000000000e+000,0.0000000000000000e+000,
52,30,05:53:42:393,3.4285233180819544e-004,4.2516787750780048e-004,2.4168991781186526e-004,1.8272496657399816e-004,1.5687367487392714e-004,9.2523561639037217e-004,2.1761653815754154e+000,0.0000000000000000e+000,0.0000000000000000e+000,
53,31,05:53:42:658,2.2869971032535879e-004,4.2097434988811735e-004,2.5203677407197169e-004,4.8367009251371214e-005,1.9989810660572691e-004,9.0767829749631120e-004,2.1561368233897040e+000,0.0000000000000000e+000,0.0000000000000000e+000,
54,32,05:53:42:924,2.3615231371448611e-004,4.4514956849107370e-004,2.6101624084361484e-004,1.4048260053063443e-004,-2.2108919556584770e-005,9.0367843163068984e-004,2.0300557286709147e+000,0.0000000000000000e+000,0.0000000000000000e+000,
55,33,05:53:43:190,2.9441082494035045e-004,4.4797847662375779e-004,2.4155374374692847e-004,1.7018110567340548e-004,1.6453959691966222e-004,9.6999638502019291e-004,2.1652745291039075e+000,0.0000000000000000e+000,0.0000000000000000e+000,
56,34,05:53:43:457,2.6595688337234633e-004,4.4142397378862648e-004,2.5825335272334441e-004,3.0480537309606719e-006,1.9195473898530149e-004,9.8707724381495482e-004,2.2361206060992318e+000,3.6162116503278827e+004,3.6162116503278827e+004,
57,35,05:53:43:723,2.6866751197875068e-004,4.5836548865559908e-004,2.3541752381906619e-004,2.6596465641182029e-004,1.8695475469082996e-004,9.7154412556689983e-004,2.1195839338089577e+000,6.1944801315256373e+003,6.1944801315256373e+003,
58,36,05:53:43:989,3.0784385767761992e-004,4.5189806135242710e-004,2.6004489314104324e-004,2.5576793762310931e-004,2.1635515720381818e-004,9.0174867703040197e-004,1.9954692311174678e+000,9.1099151051166355e+003,9.1099151051166355e+003,
59,37,05:53:44:256,2.5363934962016290e-004,4.2025240256825339e-004,3.1650502605185145e-004,9.5669977568169692e-005,7.6146430441040625e-005,9.4811744096708452e-004,2.2560666760568973e+000,-3.4492419594969950e+004,-3.4492419594969950e+004,
60,38,05:53:44:522,2.6660829573466917e-004,4.4930393255119931e-004,2.3597416004821170e-004,1.1332824365512304e-004,1.4301344145495467e-004,9.3486456861878323e-004,2.0806952730427151e+000,0.0000000000000000e+000,0.0000000000000000e+000,
61,39,05:53:44:788,2.8691301567904993e-004,4.6510913189253927e-004,1.9019006673452355e-004,-4.4156563281971395e-005,1.8267364291778653e-004,9.4186214600744660e-004,2.0250347314725663e+000,0.0000000000000000e+000,0.0000000000000000e+000,
62,40,05:53:45:054,2.9099488406304861e-004,4.5172760796720064e-004,2.1574778452817874e-004,3.5304707975327727e-004,3.1144108341437396e-004,9.7489115235335495e-004,2.1581394078179534e+000,0.0000000000000000e+000,0.0000000000000000e+000,
63,41,05:53:45:319,2.5784491403776097e-004,4.0795197283387448e-004,2.7355795092751117e-004,-6.1761377333093218e-005,7.3219039076024268e-005,9.1533723633419831e-004,2.2437377370079306e+000,0.0000000000000000e+000,0.0000000000000000e+000,
64,42,05:53:45:585,3.0583582346229381e-004,4.0332685524882903e-004,2.5873965207350350e-004,-4.0409612423336482e-005,-4.6707688438990743e-005,9.2860907208758303e-004,2.3023735216309502e+000,0.0000000000000000e+000,0.0000000000000000e+000,
65,43,05:53:45:851,3.2671521740964594e-004,4.6929870336617346e-004,2.0594101271230591e-004,3.6038496582920505e-005,1.7921436230052541e-004,9.4969673532829270e-004,2.0236508827242283e+000,0.0000000000000000e+000,0.0000000000000000e+000,
66,44,05:53:46:118,2.8459709643810456e-004,4.3942582189800101e-004,2.3734034286384062e-004,7.7885870805544471e-005,3.3200846196329657e-004,9.6010646787685126e-004,2.1849113548445724e+000,0.0000000000000000e+000,0.0000000000000000e+000,
67,45,05:53:46:384,2.6352077318219145e-004,4.3503189689850897e-004,2.9424846449836392e-004,9.2359908985619035e-005,6.8042830194000225e-005,9.3700049685454829e-004,2.1538661958691878e+000,3.5638467941071307e+004,3.5638467941071307e+004,
68,46,05:53:46:650,2.7453845836759156e-004,4.4847112427207010e-004,2.5184745689357628e-004,1.8119101879546535e-004,1.9645540151236923e-005,9.4036351907514457e-004,2.0968206606422721e+000,7.2581076956487623e+003,7.2581076956487623e+003,
69,47,05:53:46:917,2.9437293902836797e-004,4.4721365504305698e-004,1.9550865490866354e-004,1.2381251835463458e-004,-1.3476618443574302e-005,9.6697822850632135e-004,2.1622287638180957e+000,-3.6705277457253818e+004,-3.6705277457253818e+004,
70,48,05:53:47:183,3.1325253174390453e-004,4.4109476494021030e-004,2.7657473112590767e-004,2.3092194976246852e-004,2.1860809938297046e-004,9.4900841085742533e-004,2.1514841850051472e+000,0.0000000000000000e+000,0.0000000000000000e+000,
71,49,05:53:47:449,2.7909449774242130e-004,4.5723506231314375e-004,2.5192531111550614e-004,1.2842993672938530e-004,1.2579772599982685e-004,9.1938032731377019e-004,2.0107389023550426e+000,0.0000000000000000e+000,0.0000000000000000e+000,
72,50,05:53:47:715,2.7490515668760716e-004,3.9846398598605289e-004,2.0524226029267436e-004,1.1641336986054085e-004,9.4437878340963307e-005,9.6629456382600371e-004,2.4250486814630876e+000,0.0000000000000000e+000,0.0000000000000000e+000,
73,51,05:53:47:980,3.1138367665605479e-004,4.3290473475406159e-004,2.3344966650618474e-004,-8.4916560885131673e-005,7.9306977922013051e-005,9.2171318639614668e-004,2.1291363027474928e+000,0.0000000000000000e+000,0.0000000000000000e+000,
74,52,05:53:48:246,3.1128882090950075e-004,4.4952302088538783e-004,2.5613535888923316e-004,6.8353964991844585e-005,1.0402085587371333e-004,9.3303139581144467e-004,2.0756031448038654e+000,0.0000000000000000e+000,0.0000000000000000e+000,
75,53,05:53:48:513,2.6446167094371878e-004,4.9082989692125940e-004,2.3645564879922748e-004,1.1163337535153027e-004,7.1165019621937078e-005,9.7637594348937411e-004,1.9892348644891280e+000,0.0000000000000000e+000,0.0000000000000000e+000,
76,54,05:53:48:779,2.7635719142958781e-004,4.2221922057607991e-004,2.4047496399044578e-004,4.4400752073865155e-005,1.1192065399953042e-004,1.0012290575662991e-003,2.3713488367493376e+000,3.4588834207058600e+004,3.4588834207058600e+004,
77,55,05:53:49:045,2.8469973215479270e-004,4.1078047820293045e-004,2.7009775411824399e-004,-1.4759337145431572e-006,2.2554111903509838e-004,9.2177782895034037e-004,2.2439669795967547e+000,4.7652907602032283e+003,4.7652907602032283e+003,
78,56,05:53:49:311,2.8890464629246544e-004,4.1568188661876299e-004,2.8976507132216111e-004,4.8240592686771073e-005,2.0086164871042594e-004,9.5002286498457400e-004,2.2854564886438617e+000,3.7316337483540110e+003,3.7316337483540110e+003,
79,57,05:53:49:578,2.7025830696032342e-004,4.1748036875741888e-004,2.7252935901767554e-004,1.5425690078613578e-004,-1.2453066208158699e-004,9.5714284495149876e-004,2.2926655157470557e+000,0.0000000000000000e+000,0.0000000000000000e+000,
80,58,05:53:49:844,2.9319852939195518e-004,4.3422469137199664e-004,2.2312196123747369e-004,-1.0598597580046438e-005,-6.6886732245329441e-006,9.5336713043775966e-004,2.1955617664795990e+000,3.5137706343430200e+003,3.5137706343430200e+003,
81,59,05:53:50:110,2.6130801353437720e-004,4.5018344428450252e-004,2.3905988886002553e-004,1.0238982271570193e-005,2.2626356933812473e-004,9.7406960946412277e-004,2.1637170842927307e+000,-3.6879690097714301e+004,-3.6879690097714301e+004,
82,60,05:53:50:375,3.0944718293506751e-004,4.8720994874437885e-004,2.4101113508608898e-004,2.7056921847699059e-004,-3.7511486527660120e-005,9.6743071391652813e-004,1.9856546780494901e+000,7.8850612380406583e+003,7.8850612380406583e+003,
83,61,05:53:50:641,3.2561738640382733e-004,4.5996789052540600e-004,2.0106899148017673e-004,2.8585148275906634e-004,2.4761181539805916e-005,9.6824672667669806e-004,2.1050311263481936e+000,-3.7681263216395535e+004,-3.7681263216395535e+004,
84,62,05:53:50:907,2.8213879939314464e-004,4.5584602768394941e-004,2.1365137685183100e-004,3.3577693280841828e-006,5.6395140371308332e-005,9.5612168525690102e-004,2.0974663092157217e+000,0.0000000000000000e+000,0.0000000000000000e+000,
85,63,05:53:51:174,2.5293293151736133e-004,4.4880596412197489e-004,2.8556410859078142e-004,9.2483344599157967e-005,8.2929115018994015e-006,9.3211831995182091e-004,2.0768848778009845e+000,0.0000000000000000e+000,0.0000000000000000e+000,
86,64,05:53:51:440,2.6641756481441358e-004,4.1724753722743635e-004,2.5979094769999674e-004,-1.6740769977379989e-004,1.3609674400756890e-004,9.6973442398524696e-004,2.3241225830331431e+000,0.0000000000000000e+000,0.0000000000000000e+000,
87,65,05:53:51:706,3.0092126577407040e-004,4.3898249157584365e-004,2.2162212785211630e-004,8.5759739795521260e-005,-1.4915638053976084e-004,8.9954388022021436e-004,2.0491566235160401e+000,0.0000000000000000e+000,0.0000000000000000e+000,
88,66,05:53:51:972,2.8280827892052877e-004,4.5633710237280199e-004,2.7588144075290342e-004,1.3010969541362279e-004,2.0079065343694749e-004,9.4714402926216715e-004,2.0755358798075623e+000,0.0000000000000000e+000,0.0000000000000000e+000,
89,67,05:53:52:239,2.6625850802243408e-004,4.0849033719336661e-004,2.4826200983547544e-004,1.3677122294952009e-004,2.4081909662911660e-004,9.5785340287440348e-004,2.3448618379949231e+000,3.3527041370666106e+004,3.3527041370666106e+004,
90,68,05:53:52:505,2.7036001332951054e-004,4.6040148926837596e-004,2.0361804771379890e-004,6.8129606224130463e-005,3.2792611716403891e-005,9.4491216891453374e-004,2.0523655786085611e+000,7.4511900800099329e+003,7.4511900800099329e+003,
91,69,05:53:52:771,2.9675114958625960e-004,4.6810308618266109e-004,2.3305751663904117e-004,1.2435438036432209e-004,3.0509751778030143e-004,9.2465426272230649e-004,1.9753218682294524e+000,-3.8347693526664152e+004,-3.8347693526664152e+004,
92,70,05:53:53:036,3.0748455787613701e-004,4.3144487742415380e-004,2.3886363366512557e-004,2.2441844629487447e-004,1.6982811101783592e-004,9.2410746744369841e-004,2.1418899975377563e+000,0.0000000000000000e+000,0.0000000000000000e+000,
93,71,05:53:53:302,3.2657126514049219e-004,4.4092771251695329e-004,2.2356875442729142e-004,7.4939763952324857e-005,-8.7721314520491851e-006,9.2677779813524935e-004,2.1018814917413828e+000,3.6121462032774463e+004,3.6121462032774463e+004,
94,72,05:53:53:569,3.0618855261786758e-004,4.5396822875007163e-004,2.4566012059009198e-004,5.8491973826303992e-005,1.7788663669962356e-004,8.5923965144969283e-004,1.8927308058880481e+000,6.1350543244086221e+003,6.1350543244086221e+003,
95,73,05:53:53:835,3.0191117579041670e-004,4.3584343683253379e-004,2.3153284646385222e-004,8.9255530095695799e-005,2.1511351083642618e-005,9.0988759113098667e-004,2.0876477978962824e+000,8.7903243974489778e+003,8.7903243974489778e+003,
96,74,05:53:54:101,2.5630446910883533e-004,4.4072711225035454e-004,2.3737743719045250e-004,2.0756606013075748e-004,3.6093614425890952e-005,9.3856139189657734e-004,2.1295748906943319e+000,-3.6105029645303526e+004,-3.6105029645303526e+004,
97,75,05:53:54:367,2.5291916403613921e-004,4.0292006155151678e-004,2.7612759355443253e-004,-3.9294086855927812e-005,2.4358235904931141e-004,9.3099022184708251e-004,2.3106077623986647e+000,0.0000000000000000e+000,0.0000000000000000e+000,
98,76,05:53:54:633,2.6949206811432996e-004,4.4786047344593503e-004,2.6291776617071529e-004,5.3149138241094409e-005,8.4008952121291137e-005,9.7894041740324692e-004,2.1858156176879562e+000,0.0000000000000000e+000,0.0000000000000000e+000,
99,77,05:53:54:898,3.3040834459992994e-004,4.2902554471332412e-004,1.9839264444953923e-004,1.0263057294268577e-004,-2.6018290064372472e-005,1.0071472605458129e-003,2.3475228292496921e+000,3.5212478428509952e+004,3.5212478428509952e+004,
100,78,05:53:55:166,2.8190281662762186e-004,4.6985231725926268e-004,2.4388642732363895e-004,1.5006322156409957e-005,1.4432843632864213e-004,9.3661348369548155e-004,1.9934210161161381e+000,7.6041433553902525e+003,7.6041433553902525e+003,
101,79,05:53:55:431,2.6012072515568970e-004,4.6765605464571666e-004,2.5345743901715353e-004,2.4574336139128114e-004,1.7670646959578958e-004,9.4658261238715928e-004,2.0240999832756663e+000,-3.8311072045453053e+004,-3.8311072045453053e+004,
102,80,05:53:55:697,2.8067140596787474e-004,4.4581425747660172e-004,2.5042068305447030e-004,2.4180350578669837e-004,6.0749774975026694e-005,9.0814545671992020e-004,2.0370489312302524e+000,0.0000000000000000e+000,0.0000000000000000e+000,
103,81,05:53:55:963,3.0293682727548018e-004,4.0656388772036480e-004,2.4961106010028727e-004,1.8561016029643659e-004,1.1197743264026223e-004,9.2986058086277955e-004,2.2871204476043845e+000,0.0000000000000000e+000,0.0000000000000000e+000,
104,82,05:53:56:230,3.1008486207551576e-004,4.7013746531939638e-004,2.3815876345395718e-004,5.8914962822913871e-005,1.1000959750853105e-004,9.8974999931459120e-004,2.1052353244006765e+000,0.0000000000000000e+000,0.0000000000000000e+000,
105,83,05:53:56:496,2.5933513347020773e-004,4.5850592982548625e-004,3.0888883932934957e-004,4.8010143267333126e-005,1.2540626854418835e-004,9.1415735474837702e-004,1.9937743337285039e+000,0.0000000000000000e+000,0.0000000000000000e+000,
106,84,05:53:56:762,3.0846013352809319e-004,3.7313621914865667e-004,2.9278824912308202e-004,6.9978028003573007e-006,1.5214131439012687e-004,9.2479202364264916e-004,2.4784300643680317e+000,3.0567880834918007e+004,3.0567880834918007e+004,
107,85,05:53:57:028,3.0177571866910979e-004,4.4271196065811137e-004,2.2716295751199893e-004,2.8708982436633260e-004,-2.0685641091451372e-005,9.5753306791853852e-004,2.1628805024719058e+000,7.1649007365277657e+003,7.1649007365277657e+003,
108,86,05:53:57:294,2.8334044064991438e-004,4.6578896891043010e-004,2.4125472618088218e-004,-1.1474442188901330e-005,2.4303676814270875e-004,9.9453447306616463e-004,2.1351610695989041e+000,0.0000000000000000e+000,0.0000000000000000e+000,
109,87,05:53:57:559,2.8191758342139363e-004,4.4261768439007171e-004,1.9720055440019602e-004,1.3501784114894758e-004,1.2873315945017950e-004,8.9828592608586595e-004,2.0294849432500786e+000,7.1633749586804479e+003,7.1633749586804479e+003,
110,88,05:53:57:827,2.3126602811512291e-004,4.8052520445577348e-004,2.1360081245896438e-004,1.3756864193681145e-004,-1.7615116459328807e-005,8.6740842307478155e-004,1.8051257562174681e+000,0.0000000000000000e+000,0.0000000000000000e+000,
111,89,05:53:58:092,2.9915093515680847e-004,4.5204124900858939e-004,2.6654203197503225e-004,7.9766179643891595e-005,2.0361014740555636e-004,9.7074223952311317e-004,2.1474638468328533e+000,7.3158870005407234e+003,7.3158870005407234e+003,
112,90,05:53:58:358,3.5673990902248496e-004,4.1697271020797874e-004,2.5564849793850627e-004,2.6916919110677535e-004,-8.4902119724437227e-005,9.0115029449005699e-004,2.1611733152526429e+000,-3.4159033208716595e+004,-3.4159033208716595e+004,
113,91,05:53:58:625,2.9040335500539374e-004,4.3009088511158347e-004,2.6111528858674643e-004,1.8354248726024742e-004,8.4864517721275077e-005,9.4409816603303269e-004,2.1951131695992450e+000,3.5233692816717885e+004,3.5233692816717885e+004,
114,92,05:53:58:891,3.0797621479656520e-004,4.7717580787862385e-004,2.4736190245141989e-004,2.9489296930343643e-005,5.0770149064601757e-004,9.7837913959859953e-004,2.0503536085539853e+000,6.4486880760121194e+003,6.4486880760121194e+003,
115,93,05:53:59:157,2.8544805514326706e-004,4.5762003942333450e-004,2.3040727450669490e-004,-1.1125209640933269e-004,2.4697308931412371e-005,9.4860415034189955e-004,2.0729078025894014e+000,7.4061747792854449e+003,7.4061747792854449e+003,
116,94,05:53:59:423,2.3545901585194593e-004,5.7399853884891215e-004,2.8074595209198608e-004,9.0662704276948047e-005,1.5848646677632143e-004,1.5843510339965589e-003,2.7602004652725984e+000,1.1576710657415189e+004,1.1576710657415189e+004,
117,95,05:53:59:689,2.9775939352241477e-004,1.3496080490603126e-003,2.5075584143372860e-004,1.0242983347769030e-004,1.2870644710301634e-004,4.9689414401536810e-003,3.6817663051234693e+000,-1.1056187701844939e+005,-1.1056187701844939e+005,
118,96,05:53:59:954,3.0192845351311061e-004,3.3261150929013825e-003,2.5227165571601169e-004,1.4312513547190615e-004,2.3537920470127974e-004,1.3950280487505276e-002,4.1941664969074761e+000,2.7248023381392192e+005,2.7248023381392192e+005,
119,97,05:54:00:220,2.8626168787335799e-004,6.5496443333795725e-003,2.8424128304447866e-004,1.5693209431011636e-004,1.4548672848602902e-004,2.8905316427311062e-002,4.4132650501338162e+000,1.0600018901334013e+005,1.0600018901334013e+005,
120,98,05:54:00:486,3.0284607272854254e-004,1.0056444766136742e-002,2.6051915751893780e-004,2.6403704615619888e-004,6.4169832688243839e-005,4.5641122512189602e-002,4.5384948233274072e+000,-8.2538757753060653e+005,-8.2538757753060653e+005,
121,99,05:54:00:753,2.9217443141716043e-004,1.3065572169840278e-002,2.7395295761160410e-004,7.8857728868649322e-005,1.1658933788849219e-004,5.9620848470670021e-002,4.5632022613058565e+000,1.0723631351463264e+006,1.0723631351463264e+006,
122,100,05:54:01:019,3.4642389078270059e-004,1.5368352060939767e-002,3.0707078125086516e-004,2.3782018262293064e-004,1.8703701558779302e-004,7.0261726636898295e-002,4.5718452022891665e+000,2.4872315813866380e+005,2.4872315813866380e+005,
123,101,05:54:01:286,3.3374290553082848e-004,1.7107848322415676e-002,2.9033544307548740e-004,2.2608083050069174e-004,1.4991932083179181e-004,7.8474664652506534e-002,4.5870563716469572e+000,-1.4015007329462911e+006,-1.4015007329462911e+006,
124,102,05:54:01:552,3.1810900906814588e-004,1.8609753758544609e-002,2.6736107089128582e-004,1.0496116819946811e-004,1.6694598628087156e-004,8.5158853524465991e-002,4.5760333333462606e+000,1.5245390451676473e+006,1.5245390451676473e+006,
125,103,05:54:01:818,3.1673882874256270e-004,1.9876322870990910e-002,2.8195636450753525e-004,1.9089170089363965e-004,1.2916893503866255e-004,9.0812271902644043e-002,4.5688668116366085e+000,3.2168067057895777e+005,3.2168067057895777e+005,
126,104,05:54:02:084,2.9700901123464959e-004,2.0821411511831027e-002,2.7519534563853483e-004,-2.3295882458624622e-006,2.7707877181628893e-004,9.5230090755132196e-002,4.5736616223650870e+000,-1.7057214294197727e+006,-1.7057214294197727e+006,
127,105,05:54:02:350,3.0919999881776398e-004,2.1447800726305304e-002,2.9204104029398868e-004,1.4814701300421544e-004,1.2538959571904411e-004,9.8374093958424891e-002,4.5866751194574000e+000,0.0000000000000000e+000,0.0000000000000000e+000,
128,106,05:54:02:615,3.7511554650218230e-004,2.2030986928046604e-002,3.0327907325767130e-004,3.2213420344015314e-004,2.0704040598108298e-004,1.0093536914327630e-001,4.5815182711937554e+000,0.0000000000000000e+000,0.0000000000000000e+000,
129,107,05:54:02:881,3.9424988191047368e-004,2.2386343101296509e-002,3.2108792555042115e-004,1.2408765695512164e-004,1.2153890121133164e-004,1.0256457170893596e-001,4.5815688272461044e+000,0.0000000000000000e+000,0.0000000000000000e+000,
130,108,05:54:03:148,3.1993974951730563e-004,2.2655418583336771e-002,3.4925371245238496e-004,1.1240357326273936e-004,-1.2288709529018806e-005,1.0383448590111143e-001,4.5832075677243260e+000,0.0000000000000000e+000,0.0000000000000000e+000,
131,109,05:54:03:414,3.0813975036380486e-004,2.2897827639482032e-002,2.9132440644189959e-004,2.1797158945955223e-004,2.2606974679900531e-004,1.0502406233288514e-001,4.5866386971921882e+000,0.0000000000000000e+000,0.0000000000000000e+000,
132,110,05:54:03:680,3.4705160526613254e-004,2.3032837852549851e-002,2.4239471154040868e-004,6.0431339141951845e-005,2.7739951115052496e-004,1.0562818611016925e-001,4.5859822739331131e+000,1.8904312715743303e+006,1.8904312715743303e+006,
133,111,05:54:03:947,2.9638686378679772e-004,2.3081980325215204e-002,2.8233098261139228e-004,1.5829568130850408e-004,2.7765873174550102e-004,1.0610455237232502e-001,4.5968565468541858e+000,3.1193637404984131e+005,3.1193637404984131e+005,
134,112,05:54:04:213,3.1753324104808145e-004,2.3196407283394518e-002,3.0106246387251662e-004,9.3487842572826798e-005,1.0932629571211849e-004,1.0638497769366248e-001,4.5862696060617845e+000,3.7541329441953101e+005,3.7541329441953101e+005,
135,113,05:54:04:479,3.8491126614993379e-004,2.3259437321948018e-002,2.5537049327928872e-004,2.5606408068355209e-004,1.8299779958298512e-004,1.0626680299801629e-001,4.5687606938685938e+000,3.7643337973410898e+005,3.7643337973410898e+005,
136,114,05:54:04:745,3.1371191051716990e-004,2.3136097728896798e-002,2.9078896232446788e-004,-6.5929515934223911e-007,1.9671883769948627e-004,1.0603780771440090e-001,4.5832192168673513e+000,4.6662129007820133e+005,4.6662129007820133e+005,
137,115,05:54:05:010,2.8345511053704458e-004,2.3104245056774244e-002,3.4432413997174640e-004,1.2667595013863607e-004,1.2647990971051233e-004,1.0581772562190003e-001,4.5800122601657529e+000,-1.8927337476608627e+006,-1.8927337476608627e+006,
138,116,05:54:05:276,3.3707930776175836e-004,2.3039147348586267e-002,3.1416678013767083e-004,3.2376269930607199e-004,3.1254482906042317e-004,1.0529696792362957e-001,4.5703500364170733e+000,0.0000000000000000e+000,0.0000000000000000e+000,
139,117,05:54:05:542,3.6228642899641426e-004,2.2779665831729870e-002,2.4413149458278109e-004,1.2867333711998088e-004,1.8993336676671516e-004,1.0453408035937306e-001,4.5889207125140175e+000,0.0000000000000000e+000,0.0000000000000000e+000,
140,118,05:54:05:809,3.3737023502050607e-004,2.2632565446159238e-002,2.8689510320531480e-004,1.0247499904463590e-004,1.9092436535187501e-004,1.0357599901346826e-001,4.5764144263656670e+000,0.0000000000000000e+000,0.0000000000000000e+000,
141,119,05:54:06:075,3.3761494612007066e-004,2.2531594451508950e-002,3.3392657650425136e-004,2.0235622421530713e-004,9.7847572408591568e-005,1.0293263342982890e-001,4.5683688143488430e+000,1.8458221391261714e+006,1.8458221391261714e+006,
142,120,05:54:06:341,3.3617640821696207e-004,2.2454037054004075e-002,3.4695792293340093e-004,1.3983481793866952e-004,1.6390111263922243e-004,1.0256573330924632e-001,4.5678081434784339e+000,3.6339869017114135e+005,3.6339869017114135e+005,
143,121,05:54:06:608,3.4372115466724170e-004,2.2360688927208255e-002,2.9059545698641848e-004,2.3255923903299223e-004,2.4459589061896406e-004,1.0222044722214906e-001,4.5714355024977911e+000,-1.8352643796833558e+006,-1.8352643796833558e+006,
144,122,05:54:06:874,4.0123643914548627e-004,2.2287319259918181e-002,2.6800077899462500e-004,2.3075653297117014e-004,3.0313269051955680e-004,1.0190926001616440e-001,4.5725221067497070e+000,0.0000000000000000e+000,0.0000000000000000e+000,
145,123,05:54:07:140,2.9999394688737653e-004,2.2290227796463533e-002,3.1475757611093254e-004,-7.6256581431238303e-005,1.5337605654529217e-004,1.0200001659925489e-001,4.5759970481520948e+000,9.1302449592040898e+005,9.1302449592040898e+005,
146,124,05:54:07:406,2.8371350162629383e-004,2.2315291942842968e-002,2.9568590145436971e-004,1.6833775330957898e-004,2.6644175372626876e-004,1.0216749928289004e-001,4.5783626557329233e+000,1.6434307756127519e+005,1.6434307756127519e+005,
147,125,05:54:07:671,3.4808163542438230e-004,2.2410248142803020e-002,2.8171942977900659e-004,3.2814254369723927e-004,1.1216461520533595e-004,1.0218239570739951e-001,4.5596280351859946e+000,5.9959952745479101e+005,5.9959952745479101e+005,
148,126,05:54:07:937,3.7544181714561226e-004,2.2422159775366716e-002,2.9593055274406869e-004,1.5272107990843260e-005,1.5584218994341327e-004,1.0229042041476430e-001,4.5620235267051266e+000,-1.8368571410725510e+006,-1.8368571410725510e+006,
149,127,05:54:08:203,3.4413002651016543e-004,2.2444095828871233e-002,3.2560363336323858e-004,1.9853619038012759e-005,2.4736843310468258e-004,1.0248748123795900e-001,4.5663448427324482e+000,1.8386541202291807e+006,1.8386541202291807e+006,
150,128,05:54:08:470,3.0616680071657206e-004,2.2562123636098552e-002,2.9756243763256611e-004,3.2487063287798911e-004,1.6959105128579475e-004,1.0286870519250868e-001,4.5593538468126562e+000,3.0491088454054412e+005,3.0491088454054412e+005,
151,129,05:54:08:736,3.3452254130504687e-004,2.2657381763055161e-002,2.8013792978586252e-004,-5.2589469210446573e-006,1.2619318869139915e-004,1.0329378163284780e-001,4.5589460738697234e+000,4.5696623801777180e+005,4.5696623801777180e+005,
152,130,05:54:09:002,3.1956310089567639e-004,2.2796933414064750e-002,2.7002166025379625e-004,9.2033159437764089e-005,2.3521080761172171e-004,1.0406119454691451e-001,4.5647014296542681e+000,-1.8675591627076175e+006,-1.8675591627076175e+006,
153,131,05:54:09:268,3.4083257430529506e-004,2.2897313023925423e-002,3.2063018771485692e-004,7.8590552184863024e-005,2.7479673000021046e-004,1.0486250119018312e-001,4.5796858819465935e+000,0.0000000000000000e+000,0.0000000000000000e+000,
154,132,05:54:09:533,3.3673562306689323e-004,2.2961333705340228e-002,3.1823729237220915e-004,2.5264798363563171e-004,2.0520436955363559e-004,1.0531197613677670e-001,4.5864921214173107e+000,0.0000000000000000e+000,0.0000000000000000e+000,
155,133,05:54:09:801,3.7469379708534250e-004,2.3097113725543218e-002,3.0674277834533565e-004,7.5556642658188269e-005,1.9106144059476032e-004,1.0587260533436260e-001,4.5838024002660358e+000,1.8957075928165631e+006,1.8957075928165631e+006,
156,134,05:54:10:067,3.0651048765374542e-004,2.3221144691917012e-002,2.8215095923784394e-004,1.2864123995400318e-004,8.5776850509349404e-005,1.0605933083098491e-001,4.5673601468881433e+000,3.7581364745331655e+005,3.7581364745331655e+005,
157,135,05:54:10:332,3.2835226753932535e-004,2.3118735701489677e-002,2.7184814985530475e-004,1.5487967409519844e-004,3.0652350861601552e-004,1.0580618399072263e-001,4.5766423111063510e+000,-1.8939208425956191e+006,-1.8939208425956191e+006,
158,136,05:54:10:598,3.1448713951091585e-004,2.3074236088063357e-002,2.9281908821147002e-004,2.3433659698607784e-004,2.5565206045467369e-004,1.0550373561941716e-001,4.5723609317664824e+000,0.0000000000000000e+000,0.0000000000000000e+000,
159,137,05:54:10:865,3.2920712675189715e-004,2.3059245861380039e-002,3.1266269413797801e-004,1.8781722966337575e-004,3.7037191629065547e-004,1.0515723872518136e-001,4.5603069309955293e+000,0.0000000000000000e+000,0.0000000000000000e+000,
160,138,05:54:11:131,3.4816589379980381e-004,2.2956114561614508e-002,3.3864833365016000e-004,1.2740007246160301e-005,2.6372085815664010e-004,1.0490676864069935e-001,4.5698834774120085e+000,0.0000000000000000e+000,0.0000000000000000e+000,
161,139,05:54:11:397,2.9668716154381079e-004,2.2858777374490741e-002,3.0262787065498222e-004,6.5174923895327616e-005,1.0193353837166148e-004,1.0459771090342657e-001,4.5758226343353083e+000,9.3631271426541894e+005,9.3631271426541894e+005,
162,140,05:54:11:663,3.2239341954810001e-004,2.2780524669785016e-002,3.0645240268826893e-004,6.4193855349003079e-005,1.1156259072608814e-004,1.0429070083168386e-001,4.5780640412558187e+000,1.5393119470401580e+005,1.5393119470401580e+005,
163,141,05:54:11:929,3.6667292711523041e-004,2.2681159154314751e-002,2.9589522186135108e-004,1.2563636847030970e-004,1.3750589474437286e-004,1.0370921068074136e-001,4.5724828248476994e+000,2.2872290783715964e+005,2.2872290783715964e+005,
164,142,05:54:12:194,3.6040061309253597e-004,2.2635658056650087e-002,3.3852091403129632e-004,2.5222594644277752e-004,1.3679358843867533e-004,1.0330174874662056e-001,4.5636733196838399e+000,-9.2717321957076038e+005,-9.2717321957076038e+005,
165,143,05:54:12:460,3.2925384223343523e-004,2.2545595620906498e-002,3.1611143569701335e-004,2.8105688500868403e-004,1.9543114543073677e-004,1.0307184263058920e-001,4.5717063484901166e+000,1.8504406304980165e+006,1.8504406304980165e+006,
166,144,05:54:12:727,3.0083224909196993e-004,2.2464496080654810e-002,2.6539908256019787e-004,1.5507881445958236e-004,1.4084749126118344e-004,1.0271607245429996e-001,4.5723737619359914e+000,3.6356796024833061e+005,3.6356796024833061e+005,
167,145,05:54:12:993,3.1676559017326621e-004,2.2471262585275452e-002,2.8640155356812611e-004,1.7170658728439243e-004,3.0261134396407943e-005,1.0236241773708789e-001,4.5552588488802588e+000,-1.8408797173065622e+006,-1.8408797173065622e+006,
168,146,05:54:13:259,3.5293413301000552e-004,2.2314295987804565e-002,3.1040543188256187e-004,2.0062293932581837e-004,2.9332886409382707e-004,1.0206793793816028e-001,4.5741052280539565e+000,1.8280207218333620e+006,1.8280207218333620e+006,
169,147,05:54:13:526,3.5551637161626115e-004,2.2213659698014619e-002,2.6724607049726407e-004,1.3066455056988705e-004,2.3235842820422463e-004,1.0162972102435343e-001,4.5751002944119445e+000,3.5950839569521800e+005,3.5950839569521800e+005,
170,148,05:54:13:792,3.1738293210365517e-004,2.2185347126137414e-002,2.6421636223645882e-004,6.2601029623862004e-005,2.6595612319202377e-004,1.0114858351955271e-001,4.5592517865265068e+000,-1.8174570917378282e+006,-1.8174570917378282e+006,
171,149,05:54:14:058,3.4438722091706273e-004,2.2005850848869909e-002,3.0745974193321609e-004,-2.0960353697659048e-005,4.3104901203338578e-005,1.0064193739211326e-001,4.5734172281405625e+000,1.8027524316829813e+006,1.8027524316829813e+006,
172,150,05:54:14:324,3.7097814569737284e-004,2.1965433276800551e-002,3.4972307291900327e-004,2.4605192013223934e-004,-4.6261556340348725e-005,1.0036862423743044e-001,4.5693896848116244e+000,3.5549107105474867e+005,3.5549107105474867e+005,
173,151,05:54:14:590,3.2500419346600590e-004,2.1827576076366959e-002,3.0529812216608765e-004,7.5149207559170827e-005,1.8631826413333569e-004,9.9801947299880941e-002,4.5722872274369477e+000,0.0000000000000000e+000,0.0000000000000000e+000,
174,152,05:54:14:855,3.2474149715382204e-004,2.1660375381567537e-002,2.7266056615213454e-004,2.7754964173895314e-004,7.8881673729761846e-005,9.9200261586437147e-002,4.5798034354868200e+000,2.9272438336585485e+005,2.9272438336585485e+005,
175,153,05:54:15:121,3.4198303787440123e-004,2.1650364606363326e-002,2.6304434302562048e-004,1.7971520965809473e-004,2.7607066668313600e-004,9.8827085319756314e-002,4.5646845730584023e+000,3.5039196384852653e+005,3.5039196384852653e+005,
176,154,05:54:15:388,3.5309298622823954e-004,2.1538251926297936e-002,3.0707520016592157e-004,1.3719884597057918e-004,3.5069789661576934e-004,9.8299073285326971e-002,4.5639299615260347e+000,4.3419448619445867e+005,4.3419448619445867e+005,
177,155,05:54:15:654,2.6748082809631343e-004,2.1482082184469165e-002,3.4315437557445850e-004,1.2995419042841243e-004,1.9817964908384504e-004,9.8242904032130374e-002,4.5732486817854534e+000,0.0000000000000000e+000,0.0000000000000000e+000,
178,156,05:54:15:921,3.0409706014341263e-004,2.1413146574412498e-002,2.5759752240300728e-004,2.1117535999836713e-004,1.4481392519529531e-004,9.8141683960565551e-002,4.5832443923883339e+000,3.4655280023226561e+005,3.4655280023226561e+005,
179,157,05:54:16:187,4.1655746231384575e-004,2.1419431510826849e-002,3.1131703886140951e-004,8.8955021626855324e-006,3.4206462909877277e-005,9.8032912432810052e-002,4.5768213961821305e+000,-1.7547121295425359e+006,-1.7547121295425359e+006,
180,158,05:54:16:453,3.8782851851908054e-004,2.1421646272687677e-002,3.3214536503049281e-004,1.3441783990205438e-004,1.4468743641184807e-004,9.8008498780960449e-002,4.5752085312845461e+000,0.0000000000000000e+000,0.0000000000000000e+000,
181,159,05:54:16:719,3.1285988020784012e-004,2.1428410442424800e-002,3.1110610567499324e-004,1.6915481709717649e-004,5.3715770187355756e-005,9.7701529439466292e-002,4.5594389608121846e+000,0.0000000000000000e+000,0.0000000000000000e+000,
182,160,05:54:16:985,2.9538600912317636e-004,2.1375605046678764e-002,2.8057289416017622e-004,1.6415061196380667e-004,1.3154344327552037e-004,9.7457788452062349e-002,4.5592996427113937e+000,0.0000000000000000e+000,0.0000000000000000e+000,
183,161,05:54:17:250,2.9990559572870941e-004,2.1347060457901430e-002,2.9337687304013495e-004,6.6020536376933383e-005,-2.4252824457748915e-005,9.7583193388060235e-002,4.5712707649141766e+000,0.0000000000000000e+000,0.0000000000000000e+000,
184,162,05:54:17:516,3.2629198801508612e-004,2.1401456779044724e-002,3.3023075949678007e-004,2.3658185527621455e-004,3.7138604814710173e-004,9.7939473978614647e-002,4.5762994075483805e+000,0.0000000000000000e+000,0.0000000000000000e+000,
185,163,05:54:17:782,3.6535792960058891e-004,2.1380204934712144e-002,2.7535286560403824e-004,3.3793790071959516e-005,1.9655591199662886e-004,9.8053644812048077e-002,4.5861882573843644e+000,0.0000000000000000e+000,0.0000000000000000e+000,
186,164,05:54:18:049,3.7312940410143627e-004,2.1452970348731289e-002,3.0951472847327746e-004,7.6944017985900367e-005,1.0106317068255079e-004,9.8052798080403555e-002,4.5705930920751179e+000,0.0000000000000000e+000,0.0000000000000000e+000,
187,165,05:54:18:315,3.4632885632374566e-004,2.1507663032303916e-002,3.2690930692310375e-004,1.1384481773092435e-004,2.2211617451619543e-004,9.8199775990623211e-002,4.5658040970388027e+000,0.0000000000000000e+000,0.0000000000000000e+000,
188,166,05:54:18:582,3.2303979455620616e-004,2.1475942188025877e-002,3.0288426192231219e-004,2.3244567364187878e-004,1.1572178041993825e-004,9.8254729624277101e-002,4.5751068225104454e+000,0.0000000000000000e+000,0.0000000000000000e+000,
189,167,05:54:18:848,3.3804697617038383e-004,2.1470821717653469e-002,2.9414970457361148e-004,1.8340486596969544e-004,1.1495307656875772e-004,9.8304803025031390e-002,4.5785300775984954e+000,0.0000000000000000e+000,0.0000000000000000e+000,
190,168,05:54:19:114,2.8015669086565472e-004,2.1483253928511973e-002,2.8324264289227675e-004,1.1095580401618303e-004,3.7749519006836613e-006,9.8321647430316975e-002,4.5766645852389818e+000,0.0000000000000000e+000,0.0000000000000000e+000,
191,169,05:54:19:380,3.2064998212172449e-004,2.1457044998929385e-002,3.0374840678047346e-004,1.7858613066884358e-004,2.7769125852727884e-004,9.8211197133124553e-002,4.5771072921748948e+000,0.0000000000000000e+000,0.0000000000000000e+000,
192,170,05:54:19:646,3.6990444722309818e-004,2.1519144000585223e-002,3.2378169776414988e-004,1.6462465344014562e-004,6.5175579156932968e-005,9.8179150240637933e-002,4.5624096496574351e+000,0.0000000000000000e+000,0.0000000000000000e+000,
193,171,05:54:19:911,3.0246226027548707e-004,2.1568041815883364e-002,3.2676155564594918e-004,-3.7408338404004944e-005,2.5421484856265363e-004,9.8271794229353684e-002,4.5563614475646714e+000,0.0000000000000000e+000,0.0000000000000000e+000,
194,172,05:54:20:177,3.2723091133065213e-004,2.1435432142596123e-002,3.1262333672898979e-004,1.0256208028822797e-004,1.9315731422040543e-004,9.8085771824487716e-002,4.5758709771739730e+000,0.0000000000000000e+000,0.0000000000000000e+000,
195,173,05:54:20:444,3.6978314800652424e-004,2.1399785998669759e-002,2.9071893922428030e-004,9.5348597389584804e-005,2.9153709950430109e-004,9.7867837213804029e-002,4.5733091545816222e+000,0.0000000000000000e+000,0.0000000000000000e+000,
196,174,05:54:20:710,3.5298919785603137e-004,2.1394969317893298e-002,2.9314621108567800e-004,1.2734281797304690e-004,1.8441553084464762e-004,9.7856392422367891e-002,4.5738038212808956e+000,1.7527080969739300e+006,1.7527080969739300e+006,
197,175,05:54:20:976,3.0118422496637032e-004,2.1429417632716139e-002,2.9914060923502618e-004,2.0590941761642814e-004,1.7084270598943986e-004,9.7858061289892523e-002,4.5665291967847654e+000,3.4681613289093279e+005,3.4681613289093279e+005,
198,176,05:54:21:243,3.0078714551342597e-004,2.1436166966841353e-002,2.8338592285839234e-004,3.3543705161737325e-004,9.5661945378935838e-005,9.7721893121581957e-002,4.5587391287231327e+000,-1.7593837917631946e+006,-1.7593837917631946e+006,
199,177,05:54:21:509,3.3832001895559379e-004,2.1350325145407831e-002,3.0280574759602687e-004,5.9558632106988642e-006,2.2995988709546058e-004,9.7473931751364346e-002,4.5654542067866206e+000,0.0000000000000000e+000,0.0000000000000000e+000,
200,178,05:54:21:775,3.5766352128081878e-004,2.1280569355720095e-002,2.8564555102741300e-004,-3.1669925608138426e-005,2.3986419213440491e-004,9.7372402369139494e-002,4.5756483645474626e+000,0.0000000000000000e+000,0.0000000000000000e+000,
201,179,05:54:22:041,3.1314857222665199e-004,2.1232869833290410e-002,3.2137037635440377e-004,2.8621693125595397e-004,2.0876283648316833e-004,9.7393354149769795e-002,4.5869142944148571e+000,0.0000000000000000e+000,0.0000000000000000e+000,
202,180,05:54:22:306,2.9097462019843552e-004,2.1256505038297773e-002,3.0259043788292842e-004,2.0257349855399518e-004,1.3262007883756231e-004,9.7265169233290441e-002,4.5757836981219686e+000,0.0000000000000000e+000,0.0000000000000000e+000,
203,181,05:54:22:572,3.3834706857898675e-004,2.1279108031596248e-002,2.9787028274383935e-004,8.3238073131244717e-005,1.2563914320919432e-004,9.7011096560616170e-002,4.5589832250754778e+000,0.0000000000000000e+000,0.0000000000000000e+000,
204,182,05:54:22:838,3.2347527837908963e-004,2.1050958145674762e-002,3.1878040103667680e-004,3.3637207749144678e-004,3.5539243709662008e-004,9.6535743338953151e-002,4.5858123260193686e+000,0.0000000000000000e+000,0.0000000000000000e+000,
205,183,05:54:23:105,3.3750589818908587e-004,2.0969187762055721e-002,2.7740820948483501e-004,7.9155386997546107e-005,1.3870972342668178e-004,9.6045989662116096e-002,4.5803390551880963e+000,0.0000000000000000e+000,0.0000000000000000e+000,
206,184,05:54:23:371,3.7248382553768395e-004,2.0961643843581890e-002,2.8693855777426122e-004,3.2308358626412566e-005,1.2693471974057946e-004,9.5630221540024721e-002,4.5621527707286713e+000,1.7172094217402393e+006,1.7172094217402393e+006,
207,185,05:54:23:637,3.2167300917448785e-004,2.0921386902127147e-002,3.3014949558306023e-004,5.8391708355127705e-005,1.0195940193604103e-004,9.5474890680969246e-002,4.5635067659525950e+000,3.3859410575083742e+005,3.3859410575083742e+005,
208,186,05:54:23:903,2.9889855203492105e-004,2.0872995501309683e-002,2.8046251733110876e-004,1.6033943556059289e-004,1.5090044074855065e-004,9.5593110783653110e-002,4.5797504616745153e+000,0.0000000000000000e+000,0.0000000000000000e+000,
209,187,05:54:24:169,3.3091483875676567e-004,2.0951364566484578e-002,2.6235819671156498e-004,2.1970053306756191e-004,7.6011699844556223e-005,9.5773024612102658e-002,4.5712070117527617e+000,2.8323028832180734e+005,2.8323028832180734e+005,
210,188,05:54:24:436,3.6904051663408811e-004,2.1014753729643208e-002,3.2248953052511643e-004,1.8389997545301410e-006,2.4342321575157447e-004,9.5762272194508280e-002,4.5569067059504462e+000,4.2364116778690979e+005,4.2364116778690979e+005,
211,189,05:54:24:702,3.4768917309967152e-004,2.0980330093226914e-002,3.1449035050784346e-004,2.1298868807971810e-004,1.7768482615945324e-004,9.5774538697130290e-002,4.5649681521478644e+000,-1.7187395089921884e+006,-1.7187395089921884e+006,
212,190,05:54:24:967,3.3724543997232817e-004,2.1022742182418661e-002,3.2844623357499212e-004,1.5153478041306364e-004,2.4375442615120316e-004,9.6038165407040049e-002,4.5682986821460840e+000,0.0000000000000000e+000,0.0000000000000000e+000,
213,191,05:54:25:233,3.0384253083364762e-004,2.1064462442478664e-002,3.1928828991434046e-004,2.3613146557789584e-004,2.2541944359085521e-004,9.6326898192580210e-002,4.5729578172537204e+000,1.7256324761568292e+006,1.7256324761568292e+006,
214,192,05:54:25:500,2.8213234787770325e-004,2.1122866150179661e-002,2.6470754890488529e-004,1.4454491335860820e-004,1.4230521419328324e-004,9.6517578545790891e-002,4.5693410098595901e+000,3.4185486882265634e+005,3.4185486882265634e+005,
215,193,05:54:25:766,3.6163508248494597e-004,2.1163267418588625e-002,2.7744905163695028e-004,2.3981084267789819e-004,1.3623076034337094e-004,9.6830905496943800e-002,4.5754232360118916e+000,-1.7337267808148416e+006,-1.7337267808148416e+006,
216,194,05:54:26:032,3.4022822194863469e-004,2.1204365949228747e-002,3.1679881102973791e-004,1.5552083430121601e-004,1.5936649423461949e-004,9.6830606138099004e-002,4.5665409835855506e+000,0.0000000000000000e+000,0.0000000000000000e+000,
217,195,05:54:26:298,3.2891786680896604e-004,2.1167448282994945e-002,2.6947336463744811e-004,1.4000513678131559e-004,9.5888277925011199e-005,9.6688836148446256e-002,4.5678078366263009e+000,1.7340692312586741e+006,1.7340692312586741e+006,
218,196,05:54:26:564,3.1870359802704486e-004,2.1146282521882501e-002,2.7323330810317731e-004,1.4585512099233547e-004,1.1898413649494300e-004,9.6537578710381058e-002,4.5652269428672616e+000,3.4223384204626450e+005,3.4223384204626450e+005,
219,197,05:54:26:829,2.7983919876389812e-004,2.1101909886054780e-002,3.2999473602928880e-004,1.4155730232113964e-004,1.4314276504170064e-004,9.6423737862727649e-002,4.5694317899845354e+000,-1.7286995044974925e+006,-1.7286995044974925e+006,
220,198,05:54:27:095,3.3561831937380337e-004,2.1107236299260538e-002,2.5220149035982655e-004,3.6725907819854886e-004,3.0558053162142230e-004,9.6351766094920854e-002,4.5648688785606861e+000,8.6619328481766174e+005,8.6619328481766174e+005,
221,199,05:54:27:362,3.5780720296595353e-004,2.1161259556033117e-002,2.6512072273404956e-004,2.1856304616134963e-004,7.6716594178375666e-005,9.6394400033021660e-002,4.5552297951725382e+000,1.4303386013005013e+005,1.4303386013005013e+005,
222,200,05:54:27:628,3.4667628793361388e-004,2.1122996946168014e-002,2.8340780527287286e-004,3.0435036362077330e-004,1.6113083815277347e-004,9.6399846673559456e-002,4.5637390811178262e+000,1.7092847977909583e+005,1.7092847977909583e+005,
223,***,Cup,L4,L3,L2,C,H3,H4,H4 | L3,L3 | IC2,L3 | ,
224,***,Info,tbdgyT,tbdgyT,tbdgyT,tbdgyT,tbdgyT,tbdgyT,tbdgyT - St,tbdgyT - St,tbdgyT - St,
225,***,Blank,No BLK,No BLK,No BLK,No BLK,No BLK,No BLK,,,,
226,***,Standard,No STD,No STD,No STD,No STD,No STD,No STD,No STD,No STD,No STD,
227,***,Mean,3.0938606657499582e-004,1.1377773250402476e-002,2.7264821110911344e-004,1.2415289365618252e-004,1.4843853109908781e-004,5.1496635169549471e-002,3.4228887746851582e+000,4.3274246989692343e+004,4.3274246989692343e+004,
228,***,StdErr (%),8.5503061091408761e-001,6.6383156446610894e+000,9.4209277744303477e-001,5.6963254723301668e+000,4.8467714113443492e+000,6.7804219197797870e+000,2.5233239294726335e+000,1.1146132260768145e+002,1.1146132260768145e+002,
229,***,StdErr (abs),2.6453455751192527e-006,7.5529250169553209e-004,2.5685991046865960e-006,7.0721529059721088e-006,7.1944762887300796e-006,3.4916891389851590e-003,8.6370571530863208e-002,4.8234048043225863e+004,4.8234048043225863e+004,
230,***,StdDev (%),1.2031347157688673e+001,9.3409380955202408e+001,1.3256420431603914e+001,8.0154404305503178e+001,6.8200119036093540e+001,9.5408993492362043e+001,3.5506314977814071e+001,1.5683998325094976e+003,1.5683998325094976e+003,
231,***,StdDev (abs),3.7223311727155549e-005,1.0627907559687564e-002,3.6143393163871085e-005,9.9514012338157930e-005,1.0123525490500662e-004,4.9132421297700873e-002,1.2153416696799528e+000,6.7871321730608109e+005,6.7871321730608109e+005,
232,***,Valid Values,200(200),200(200),200(200),200(200),200(200),200(200),200(200),200(200),200(200),
233,***,ExtErr,NOT AVAILABLE,NOT AVAILABLE,NOT AVAILABLE,NOT AVAILABLE,NOT AVAILABLE,NOT AVAILABLE,NOT AVAILABLE,NOT AVAILABLE,NOT AVAILABLE,
234,***,Standard StdErr (%),,,,,,,,,,
235,,,,,,,,,,,,
